Group,Number_of_counts,Percentage
CN,237,51.9736842105263
MCI,124,27.1929824561403
Dementia,95,20.8333333333333
