Group,Number_of_counts,Percentage
MCI,80,27.3037542662116
Dementia,66,22.5255972696246
CN,147,50.1706484641638
