Group,Number_of_counts,Percentage
Dementia,556,22.5832656376929
MCI,775,31.4784727863526
CN,1121,45.53208773355
Missing Value,10,0.406173842404549
